Lake Central High School,795,837,819,768,3219,8400 Wicker Ave,St John,In,46373,1,1,4,null,null,null,null,null,null
Munster High School,383,380,387,360,1510,8616 Columbia Ave,Munster,IN,46321-2597,1,1,4,null,null,null,9,2,null
Hammond Morton Senior High School,341,357,337,313,1348,6915 Grand Ave,Hammond,IN,46323,1,1,4,null,null,null,null,null,null
East Chicago Central High School,324,334,288,290,1236,1402 E Chicago Ave,East Chicago,IN,46312-0000,1,1,4,null,null,null,null,null,null
Highland High School,284,295,277,266,1117,9145 Kennedy Ave,Highland,IN,46322-2796,1,1,4,null,null,null,null,null,null
Gary West Side Leadership Acad.,288,274,225,259,1046,W 9th Ave & Gerry St,Gary,IN,46406,1,1,4,null,null,null,null,null,null
Hammond Gavit Mdl/High School,240,251,233,180,904,1670 175th St,Hammond,IN,46324,1,1,4,TRUE,null,null,null,null,null
Hammond High School,205,229,185,191,810,5926 Calumet Ave,Hammond,IN,46320,1,1,4,null,null,null,null,null,null
Griffith Senior High School,194,224,199,183,800,600 N Wiggs St,Griffith,IN,46319,1,1,4,null,null,null,null,null,null
Hammond Clark Md/HS,195,213,178,174,760,1921 Davis Ave,Whiting,IN,46394,1,1,4,null,null,null,null,null,null
Calumet High School,164,173,179,150,666,3900 Calhoun St,Gary,IN,46408,1,1,4,null,null,null,10,2,null
Hammond Bishop Noll Institute,129,159,115,125,528,1519 Hoffman St,Hammond,iN,46372,1,1,4,null,null,null,null,4,null
Whiting High School,122,121,95,96,434,1751 Oliver St,Whiting,IN,46394,1,1,4,null,null,null,null,null,null
Hammond Acad. Of Sci. & Tech,86,77,59,65,287,33 Muenich Ct,Hammond,IN,46320,1,1,4,null,null,null,null,null,null
Crown Point High School,684,730,678,671,2763,200 E North St,Crown Point,IN,46307-4078,2,1,4,TRUE,TRUE,null,null,null,null
Merrillville High School,570,578,544,522,2214,6701 Delaware St,Merrillville,IN,46410-3586,2,1,4,null,null,null,null,null,null
Hobart High School,330,295,332,308,1265,32 E 7th St,Hobart,IN,46342-5154,2,1,4,null,null,null,null,null,null
Lowell Senior High School,273,321,309,294,1197,2051 E Commercial Ave,Lowell,IN,46356,2,1,4,null,null,null,null,null,null
Hanover Central High School,166,180,175,159,680,10120 W 133rd Ave.,Cedar Lake,IN,46303,2,1,4,null,null,null,null,null,null
Gary Lighthouse Charter School,135,143,166,116,560,1775 W 41st Ave,Gary,IN,46408,2,1,4,null,null,null,null,null,null
Andrean High School,85,163,1224,147,492,5959 Broadway,Merrillville,IN,46410,2,1,4,null,null,null,null,null,null
Gary Roosevelt Car & Tech Acad,85,153,117,103,458,730 W 25th Ave,Gary,IN,46407,2,1,4,null,null,null,null,null,null
Bowman Leadership Academy,118,117,113,99,447,975 W 6th Ave,Gary,IN,46402,2,1,4,null,null,null,null,null,null
River Forest Jr-Sr High School,101,122,111,105,439,3300 Indiana St,Hobart,In,46342,2,1,4,null,null,null,null,null,null
Hebron High School,91,108,83,88,370,509 S Main St,Hebron,IN,46341,2,1,4,null,null,null,null,null,null
21st Century Chartr Sch of Gary,75,74,71,46,266,556 Washington St,Gary,IN,46402,2,1,4,null,null,null,6,null,null
Portage High School,658,591,576,595,2520,6240 US Hwy 6,Portage,IN,46368-5057,3,2,4,null,null,null,null,null,null
Valparaiso high School,561,556,499,466,2082,3801 N Campbell St,Valparaiso,IN,46385-0000,3,2,4,null,null,null,2,null,null
Chesterton Senior High School,536,531,516,493,2076,2125 S 11th St,Chesterton,IN,46304,3,2,4,TRUE,null,null,null,null,null
LaPorte High School,487,485,504,470,1946,1921 'A' St,LaPorte,IN,46350-6697,3,2,4,null,null,null,null,null,null
Michigan City High School,470,457,411,415,1753,408 S Carroll Ave,Michigan City,IN,46360-5345,3,2,4,null,null,null,null,null,null
New Prairie High School,258,254,229,252,993,5327 N Cougar Rd,New Carlisle,IN,46552-9505,3,2,4,TRUE,TRUE,TRUE,null,null,null
Boone Grove High School,132,134,120,113,499,260 S 500 W,Valparaiso,IN,46385,3,2,4,null,null,null,null,null,null
Lake Station Edison Jr-Sr HS,102,97,101,81,381,3304 Parkside Ave,Lake Station,IN,46405,3,2,4,null,null,null,null,null,null
South Central (Union ills) Jr-Sr HS,68,79,86,80,303,9808 S 600 W,Union Mills,IN,46382,3,2,4,null,null,null,null,null,null
Westville High School,71,80,76,69,296,207 E Valparaiso St,Westville,In,46391,3,2,4,null,null,null,null,null,null
Marquette Catholic HS,77,69,60,68,274,306 W 10th St,Michigan City,IN,46360,3,2,4,null,null,null,3,4,null
Washington Twp Middle/High School,65,72,73,56,266,381 E State Rd 2,Valparaiso,IN,46383,3,2,4,null,null,null,null,null,null
Kankakee Valley High School,281,256,272,274,1083,3923 IN-10,Wheatfield,IN,46392-0278,4,2,4,null,null,null,14,null,null
Knox Community High School,145,161,146,152,585,1 Redskin Trail,Knox,IN,46534,4,2,4,null,null,null,null,null,null
Rensselaer Central High School,131,139,133,128,531,1106 E Grace St,Rensselaer,IN,47978,4,2,4,TRUE,null,null,null,null,null
North Newton Jr-Sr High Sch,91,126,117,106,440,1641 W 250 N,Morocco,IN,47963,4,2,4,null,null,null,null,null,null
North Judson-San Pierre High Sch,101,94,89,84,368,1 Bluejay Dr,North Judson,IN,46366,4,2,4,null,null,null,null,null,null
West Central Senior High School,58,74,71,77,280,1852 US-421,Francesville,IN,47946,4,2,4,null,null,null,null,null,null
Kouts Middle/High School,62,78,61,76,277,302 E College Ave,Kouts,IN,46347,4,2,4,null,null,null,null,null,null
Morgan Township Middle/High School,61,57,65,61,244,299 IN-49,Valparaiso,IN,46383,4,2,4,null,null,null,null,null,null
South Newton Senior High Sch,60,55,65,40,220,13102 S 50 E,kentland,In,47951,4,2,4,null,null,null,null,null,null
Oregon-Davis Jr-Sr High School,49,49,47,37,182,5990 N 750 E,Hamlet,IN,46532,4,2,4,null,null,null,null,null,null
LaCrosse Elem & High School,42,29,25,22,118,11 N Michigan St,La Crosse,In,46348,4,2,4,null,null,null,null,null,null
Twin Lakes Senior High School,199,203,189,182,773,300 S 3rd St,Monticello,IN,47960,5,3,4,null,null,null,null,null,null
Crawfordsville Sr High School,176,184,175,167,702,1000 Fairview Ave,Crawfordsville,IN,47933-1511,5,3,4,null,null,null,null,null,null
North Montgomery High School,158,167,164,135,626,5945 US-231,Crawfordsville,IN,47933,5,3,4,null,null,null,null,null,null
Benton Central Jr-Sr High Sch,147,140,152,135,588,4241 E 300 S,Oxford,IN,47971,5,3,4,TRUE,null,null,5,null,null
Southmont Sr High School,146,138,144,122,550,6460 US-231,Crawfordsville,IN,47933,5,3,4,null,null,null,null,null,null
Seeger Memorial Jr-Sr HS,93,112,97,73,375,1222 IN-263,West Lebanon,In,47991,5,3,4,null,null,null,null,null,null
Fountain Central High School,78,90,89,93,350,750 US-136,Veddersburg,IN,47987,5,3,4,null,null,null,null,null,null
Covington Community High Sch,77,79,78,75,309,1017 6th St,Covington,IN,47932,5,3,4,null,null,null,null,null,null
North White Jr/Sr High School,76,65,76,48,265,310 East Broadway,Monon,IN,47959,5,3,4,null,null,null,null,null,null
North Vermillion High School,66,51,62,66,245,5555 N Falcon Dr,Cayuga,IN,47928,5,3,4,null,null,null,null,null,null
Tri-County Middle-Senior High,57,55,66,56,234,11298 W 100 S,Wolcott,IN,47995,5,3,4,null,null,null,14,1,null
Attica High School,63,57,51,52,223,211 E Sycamore St,Attica,In,47918,5,3,4,null,null,null,null,null,null
Frontier Jr-Sr High School,55,54,41,52,202,109 N 6th St,Chalmers,In,47929,5,3,4,null,null,null,12,null,null
Lafayette Jefferson High School,591,511,483,446,2031,2300 Cason St,Lafayette,IN,47904-2692,6,3,4,null,null,null,null,null,null
Harrison (W.Laf.) High School,504,507,483,411,1905,1260 Hwy 64 NW,Ramsey,IN,47166-0008,6,3,4,TRUE,TRUE,null,null,null,null
McCutcheon High School,489,447,415,418,1769,4051 US-231,Lafayette,IN,47909,6,3,4,null,null,null,null,null,null
Frankfort Senior High School,223,255,218,165,861,1 S Maish Rd,Frankfort,IN,46041,6,3,4,null,null,null,null,null,null
West Lafayette Jr/Sr High School,191,208,161,174,734,1130 N Salisbury,West Lafayette,IN,47906-2447,6,3,4,null,null,null,null,null,null
Western Boone Jr-Sr High School,122,137,143,127,529,1205 IN-75,Thorntown,IN,46071,6,3,4,null,null,null,8,null,null
Delphi Community High School,113,100,95,122,430,501 Armory Rd,Delphi,IN,46923,6,3,4,null,null,null,null,null,null
Clinton Prairie Jr-Sr HS,94,90,70,76,330,2400 S County Rd 450 W,Frankfort,IN,46041,6,3,4,null,null,null,null,null,null
Rossville Senior High School,85,72,74,82,313,1 Robert Egly Dr,Rossville,IN,46065,6,3,4,null,null,null,null,null,null
Lafayette Central Catholic Jr-Sr HS,71,76,80,64,291,2410 S 9th St,Lafayette,IN,47909,6,3,4,null,null,null,null,null,null
Clinton Central Junior-Senior HS,69,63,81,62,275,815 IN-29,Michigantown,IN,46057,6,3,4,null,null,null,null,null,null
Faith Christian School,42,64,45,52,203,5526 SR 25 East bldg 2,Lawfayette,IN,47905,6,3,4,null,null,null,null,null,null
Warsaw Community School,540,579,563,521,2176,1 Tiger Ln,Warsaw,IN,46580,7,4,4,null,null,null,null,null,null
Plymouth High School,274,319,261,293,1147,611 Berkley St,Plymouth,IN,46563-1817,7,4,4,null,null,null,null,null,null
Culver Academies,174,198,217,223,812,1300 Academy Rd,Culver,IN,46511,7,4,4,TRUE,TRUE,null,null,null,null
Tippecanoe Valley High School,132,167,150,136,596,8345 State Rte 19,Akron,IN,46910,7,4,4,null,null,null,null,null,null
Rochester Community High School,137,126,145,116,524,1645 S Park Rd,Rochester,IN,46975,7,4,4,null,null,null,null,null,null
Manchester Jr-Sr High School,125,132,140,114,511,1 Squire Drive,Manchester,IN,46962,7,4,4,null,null,null,5,null,null
North Miami Middle/High School,82,78,84,76,320,570 East 900 North,Denver,IN,46926,7,4,4,null,null,null,null,null,null
Triton Jr-Sr High Sch,54,81,67,59,261,300 Triton Dr,Bourbon,IN,46504,7,4,4,null,null,null,null,null,null
Culver Community High Sch,66,68,47,68,249,701 School St,Culver,IN,46511,7,4,4,null,null,null,4,null,null
Caston Jr-Sr High Sch,57,44,61,66,228,9815 IN-25,Rochester,IN,46975,7,4,4,null,null,null,null,null,null
Argos Comm Jr-Sr High School,51,54,45,48,198,67539 US-33,Goshen,IN,46526,7,4,4,null,null,null,null,null,null
Kokomo High School,401,461,406,501,1769,1500 S Washington PO Box 2188,Kokomo,IN,46904-2188,8,4,4,null,null,null,null,null,null
Logansport Comm High School,345,303,311,276,1235,2829 George St,Logansport,IN,46947-3997,8,4,4,TRUE,null,null,null,null,null
Western High School,212,235,212,196,855,2600 S 600 W,Russiaville,IN,46979-0247,8,4,4,null,null,null,null,null,null
Peru High School,157,175,166,166,664,401 N Broadway,Peru,IN,46970,8,4,4,null,null,null,null,null,null
Northwestern Sr High School,162,150,123,127,562,3431 County Rd N 400 W,Kokomo,IN,46901,8,4,4,null,null,null,null,null,null
Eastern (Greentown) Jr & Sr HS,153,119,119,100,491,421 S Harrison St,Greentown,IN,46936,8,4,4,null,null,null,null,2,null
Cass Jr-Sr High School,122,112,118,114,466,6422 IN-218,Walton,IN,46994,8,4,4,null,null,null,null,null,null
Taylor High School,105,98,122,88,413,3794 300 S,Kokomo,IN,46902,8,4,4,null,null,null,null,null,null
Winamac Community High School,100,24,101,82,77,715 School Dr,Winamac,IN,46996,8,4,4,null,null,null,11,null,null
Carroll (Flora) Jr-Sr High Sch,82,86,86,9,353,2362 IN-18,Flora,IN,46929,8,4,4,null,null,null,null,null,null
Pioneer Jr-Sr High School,70,81,1,53,275,417 N Chicago St,Royal Center,IN,46978,8,4,4,null,null,null,11,null,null
Penn High School,788,867,876,814,3345,55900 Bittersweet Rd,Mishawaka,IN,46545,9,5,3,null,null,null,15,null,null
S.B. Adams High School,482,455,460,397,1794,222 W Washington St,Monroe,IN,46772-9436,9,5,3,null,null,null,null,null,null
Mishawake High School,377,400,352,341,1470,1402 S Main St,Mishawaka,IN,46544-5297,9,5,3,null,null,null,null,null,null
S.B. Riley High School,323,354,301,271,1249,1902 S Fellows Street,South Bend,IN,46613,9,5,3,TRUE,null,null,null,null,null
S.B. Clay High School,278,301,307,257,1143,19131 Darden Rd,South Bend,IN,46637,9,5,3,null,null,null,null,null,null
S.B. Washington High School,250,244,222,190,906,4747 W Washington St,South Bend,IN,46619,9,5,3,null,null,null,7,3,null
S.B. Saint Joseph's HS,239,231,223,203,896,453 N Notre Dame Ave,South Bend,IN,46617,9,5,3,null,null,null,null,null,null
Mishawaka Marian HS,170,173,174,171,688,1311 S Logan St,Mishawaka,IN,46544,9,5,3,null,null,null,null,null,null
Glenn High School,143,139,143,129,584,201 John Glenn Dr,Walkerton,IN,46574,9,5,3,null,null,null,null,null,null
Bremen Senior High School,122,137,110,128,497,511 W Grant St,Bremen,IN,46506,9,5,3,null,null,null,null,null,null
LaVille Jr-Sr High School,108,99,79,77,363,69969 U.S. 31,Lakeville,IN,46536,9,5,3,null,null,null,null,4,null
S.B. Career Academy,85,64,67,47,263,3801 Crescent Cir,South Bend,IN,46628,9,5,3,null,null,null,null,null,null
Goshen High School,470,491,477,428,1866,613 E Purl St,Goshen,IN,46526-4044,10,5,3,null,null,null,null,null,null
Concord Community High School,413,467,430,406,1716,59040 Minuteman Way,Elkhart,IN,46517-3499,10,5,3,null,null,null,null,null,null
Elkhart Central High School,410,456,409,398,1673,2720 California Rd,Elkhart,IN,46514-1220,10,5,3,TRUE,TRUE,null,null,null,null
Elkhart Memorial High School,427,415,421,385,1648,2720 California Rd,Elkhart,IN,46514-1220,10,5,3,null,null,null,null,null,null
Northridge High School,338,369,359,326,1392,56779 Northridge Dr,Middlebury,IN,46540,10,5,3,null,null,null,null,null,null
Wawasee High School,218,262,224,241,245,1 Warrior Path - Bldg 2,Syracuse,IN,46567-9170,10,5,3,null,null,null,1,null,null
NorthWood High School,237,224,218,204,883,2101 N Main St,Nappanee,IN,46550,10,5,3,null,null,null,null,null,null
Jimtown High School,174,164,140,136,617,59021 Co Rd 3,Elkhart,IN,46517,10,5,3,null,null,null,null,null,null
Fairfield Jr-Sr High School,126,140,142,157,565,67530 US-33,Goshen,IN,46526,10,5,3,null,null,null,null,null,null
Elkhart Christian Academy,50,48,50,37,185,25943 Co Rd 22,Elkhart,IN,46517,10,5,3,null,null,null,null,null,null
Bethany Christian School,38,30,47,33,148,2904 S Main St,Goshen,IN,46526,10,5,3,null,null,null,null,null,null
East Noble High School,295,335,304,328,1262,126 W Rush St,Kendallville,IN,46755-1740,11,6,3,null,null,null,8,3,null
DeKalb High School,292,300,281,278,1170,300 E Washington St,Butler,IN,46721-1119,11,6,3,null,null,null,12,null,null
Angola High School,237,236,213,190,876,625 779 John McBride Ave,Angola,IN,46703,11,6,3,null,null,null,null,null,null
West Noble High School,184,193,188,158,723,5050 N US 33,Ligonier,IN,46767-9606,11,6,3,TRUE,TRUE,null,null,null,null
Westview Jr-Sr High School,100,116,112,88,416,1635 600 W,Topeka,In,46571,11,6,3,null,null,null,null,null,null
Prairie Heights Sr High Sch,117,106,102,90,415,245 S 1150 E,LaGrange,In,46761,11,6,3,null,null,null,null,null,null
Central Noble High School,99,105,98,91,393,401 E Highland St,Albion,IN,46701,11,6,3,null,null,null,null,null,null
Eastside Junior-Senior High Sch,107,93,90,82,372,603 E Green St,Butler,IN,46721,11,6,3,null,null,null,null,null,null
Churubusco Jr-High School,92,93,83,99,367,1 Eagle Dr,Churubusco,IN,46723,11,6,3,null,null,null,4,4,null
Fremont High School,80,76,87,69,303,701 Toledo St,Fremont,IN,46737,11,6,3,null,null,null,null,null,null
Lakeland Christian Academy,20,29,33,17,99,1093 S 250 E,Winona Lake,In,46590,11,6,3,null,null,null,null,null,null
Homestead Senior High School,592,598,571,587,2348,4310 Homestead Rd,Fort Wayne,IN,47814,12,6,3,null,null,null,16,null,null
Carroll (F.W.) High Schol,602,592,580,506,2280,2 S 3rd St,Flora,IN,46929-1397,12,6,3,null,null,null,null,null,null
F.W. Northrop High School,506,531,519,541,2097,7001 Coldwater Rd,Fort Wayne,IN,46825,12,6,3,TRUE,null,null,null,null,null
F.W. Snider High School,470,474,455,451,1850,4600 Fairlawn Pass,Fort Wayne,IN,46815,12,6,3,null,null,null,10,null,null
F.W. North Side High School,401,435,435,401,1672,Fort Wayne Central High School,Fort Wayne,IN,46802,12,6,3,null,null,null,null,null,null
F.W. Bishop Dwenger High School,280,279,275,241,1075,1300 E Washington Center Road,Fort Wayne,IN,46825,12,6,3,null,null,null,null,null,null
Columbia City High School,286,273,245,252,1056,600 N Whitley St,Columbia City,IN,46725,12,6,3,null,null,null,null,null,null
Leo Junior/Senior High School,232,231,222,187,872,14600 Amstutz Rd,Leo,IN,46765,12,6,3,null,null,null,null,null,null
F.W. Concordia Lutheran HS,201,189,188,203,781,1601 St Joe River Dr,Fort Wayne,IN,46805,12,6,3,null,null,null,null,null,null
Garrett High School,160,154,148,139,591,801 E Houston St,Garrett,IN,46738,12,6,3,null,null,null,null,null,null
Whitko High School,110,136,114,126,486,1 Big Blue Ave,South Whitley,IN,46787,12,6,3,null,null,null,null,null,null
F.W. Blackhawk Christian Jr-Sr HS,63,53,68,57,241,7400 E State Blvd,Fort Wayne,IN,46815,12,6,3,null,null,null,null,null,null
Lakewood Park Christian Sch,53,38,58,37,186,5555 Co Rd 29,Auburn,IN,46706,12,6,3,null,null,null,null,null,null
F.W. South Side High School,390,374,317,328,1409,3601 S Calhoun St,Fort Wayne,IN,48907,13,7,3,null,null,null,null,2,null
F.W. Wayne High School,366,404,298,272,1340,9100 Winchester Rd,Fort Wayne,IN,46819,13,7,3,null,null,null,null,null,null
New Haven High School,251,260,270,215,996,1300 Green Rd,New Haven,IN,467734,13,7,3,null,null,TRUE,null,null,null
Norwell High School,201,204,193,171,769,1100 US-224,Ossian,IN,46777,13,7,3,null,null,null,null,null,null
Bellmont Senior High School,183,180,146,182,691,1000 E North Adams Dr.,Decatur,IN,46733,13,7,3,TRUE,null,null,null,null,null
F.W. Bishop Luers HS,177,156,146,145,618,333 E Paulding Rd.,Fort Wayne,IN,46816,13,7,3,null,null,null,6,3,null
Woodlan Jr/Sr High School,152,125,130,127,534,17215 Woodburn Rd,Woodburn,IN,46797,13,7,3,null,null,null,null,null,null
Bluffton High School,122,103,111,107,443,1 Tiger Trl,Bluffton,IN,46714,13,7,3,null,null,null,null,null,null
Adams Central High School,91,101,81,102,375,222 W Washington St,Monroe,IN,46772-9436,13,7,3,null,null,null,null,null,null
F.W. Canterbury School,86,96,95,92,369,3210 Smith Rd,Fort Wayne,IN,46804,13,7,3,null,null,null,null,null,null
South Adams High School,101,79,91,98,369,1000 Parkway St,Berne,IN,46711,13,7,3,null,null,null,null,null,null
Huntington North High School,386,378,391,420,1575,2485 Waterworks Rd,Huntington,IN,46750-2192,14,7,3,null,null,null,null,null,null
Marion High School,285,264,255,249,1053,750 W 26th St,Marion,IN,46953-2929,14,7,3,null,null,null,null,null,null
Mississinewa High School,229,201,219,196,845,424 E S 'A' St,Gas City,IN,46933-0000,14,7,3,TRUE,TRUE,null,7,null,null
Blackford High School,159,135,135,129,558,2392 IN-3,Hartford City,IN,47348,14,7,3,null,null,null,null,null,null
Eastbrook High School,129,154,128,114,525,560 S 900 E,Marion,IN,46953,14,7,3,null,null,null,null,null,null
Oak Hill High School,147,142,116,106,511,7756 W Delphi Pike - 27,Converse,IN,46919,14,7,3,null,null,null,null,null,null
Wabash High School,107,121,101,98,427,580 N Miami St,Wabash,In,46992,14,7,3,null,null,null,null,null,null
Madison-Grant High Schol,94,108,103,96,401,11700 S E 00 W,Fairmount,IN,46928,14,7,3,null,null,null,null,null,null
Northfield Jr-Sr High School,75,80,81,68,3043,154 W 200 N,Wabash,IN,46992,14,7,3,null,null,null,null,null,null
Southwood Jr-Sr High School,79,77,74,65,295,564 IN-124,Wabash,IN,46992,14,7,3,null,null,null,null,null,null
Sourhern Wells Jr-Sr High Sch,53,77,63,73,266,9120 S 300 W,Poneto,IN,46781,14,7,3,null,null,null,13,1,null
Anderson High School,515,493,485,440,1933,1600 Hillcrest Ave,Anderson,IN,46011-1479,15,8,3,null,null,null,null,null,null
Pendleton Heights High School,358,362,371,330,1421,1 Arabian Dr,Pendleton,IN,468064,15,8,3,TRUE,null,null,null,null,null
Mt. Vermon (Fortville) High School,311,304,334,278,1227,1000 W 4th St,Mount Vernon,IN,47620-1696,15,8,3,null,null,null,null,null,null
Yorktown High School,202,224,201,174,801,2311 S Broadway St,Yorktown,IN,47396-1399,15,8,3,null,null,null,null,null,null
Alexandria-Monroe High School,126,124,134,122,506,1 Burden Ct,Alexandria,IN,46001,15,8,3,null,null,null,null,null,null
Frankton Jr-Sr High Sch,123,128,114,115,480,610 E Clyde St,Frankton,IN,46044,15,8,3,null,null,null,null,null,null
Lapel Sr High School,111,110,130,119,470,1850 S 900 W,Lapel,IN,46051,15,8,3,null,null,null,null,null,null
Elwood Community High School,119,125,103,100,447,1137 N 19th St,Elwood,IN,46036,15,8,3,null,null,null,null,null,null
Shenandoah High School,110,129,98,105,442,7354 US-36,Middletown,IN,47356,15,8,3,null,null,null,null,null,null
Daleville Jr/Sr HighS chol,62,79,72,67,280,8400 S Bronco Dr,Daleville,IN,47334,15,8,3,null,null,null,null,null,null
Anderson Preparatory Academy,67,69,57,54,247,101 W 29th St,Anderson,IN,46016,15,8,3,null,null,null,null,null,null
Blue River Valley Jr-Sr HS,42,44,48,52,186,4741 Viking Trail,New Castle,In,47362,15,8,3,null,null,null,null,null,null
Liberty Christian School,35,37,28,50,150,2025 Hillcrest Dr,Anderson,In,46012,15,8,3,null,null,null,null,null,null
Muncie Central High School,416,422,364,349,1551,2500 North Elgin Street,Muncie,IN,47303-2295,16,8,3,null,null,null,null,null,null
Jay County High School,279,262,270,249,1060,1976 W Tyson Rd,Portland,IN,47371-7994,16,8,3,null,null,null,null,1,null
Delta High School,222,228,200,221,871,3400 IN-28,Muncie,IN,47303,16,8,3,TRUE,TRUE,null,3,null,null
Muncie Burris Laboratory School,60,54,221,200,535,2201 W University Ave,Muncie,IN,47303,16,8,3,null,null,null,null,null,null
Winchester Community High Sch,119,114,104,109,446,700 N Union St,Winchester,In,47394,16,8,3,null,null,null,null,null,null
Wapahani High School,89,110,98,99,396,10401 E Co Rd 167 S,Selma,IN,47383,16,8,3,null,null,null,null,null,null
Monroe Central Jr-Sr High School,94,99,97,80,370,1878 N 1000 W,Parker City,In,47368,16,8,3,null,null,null,null,null,null
Wes-Del Middle/Senior High Sch,65,85,77,48,275,10000 N 600 W,Gaston,IN,47342,16,8,3,null,null,null,null,null,null
Cowan HighS chool,53,67,62,56,238,9401 S Nottingham St,Muncie,IN,47302,16,8,3,null,null,null,null,null,null
Randolph Southern Jr-Sr High Sch,44,51,48,29,172,3 Rebel Dr,Lynn,IN,47355,16,8,3,null,null,null,null,null,null
Union (Modoc) Junior & High School,12,25,33,37,107,8707 U.S. 36,Modoc,IN,47358,16,8,3,null,null,null,null,null,null
Avon High School,735,802,699,655,2891,530 W Carmel Dr,Carmel,IN,46032,17,9,2,null,null,null,null,null,null
Brownsburg High School,685,705,621,618,2629,310 Stadium Dr,Brownsburg,IN,46112-1414,17,9,2,null,null,null,null,null,null
Decatur Central High School,512,477,437,341,1767,2020 N Montgomery Rd,Greensburg,IN,47240-9054,17,9,2,null,null,null,null,null,null
Plainfield High School,435,444,393,364,1636,985 S Longfellow Dr,Plainfield,IN,46168-1443,17,9,2,null,null,null,null,null,null
Danville Community High School,223,205,180,183,791,100 Warrior Way,Danvile,IN,46122,17,9,2,null,null,null,null,null,null
Tri-West Senior High School,141,170,177,143,631,7883 IN-39,Lizton,IN,46149,17,9,2,null,null,null,null,null,null
Greencastle Senior High School,131,149,141,135,556,910 E Washington St,Greencastle,IN,46135,17,9,2,null,null,null,null,null,null
Cascade Senior High School,107,122,123,105,457,6565 South County Road 200 West,Clayton,IN,46118,17,9,2,null,null,null,null,null,null
North Putam Sr High Sch,110,121,108,117,456,8569 N County Road 250 E,Roachdale,IN,46172,17,9,2,null,null,null,null,null,null
Cloverdale High School,97,110,93,82,382,205 Market St,Cloverdale,IN,46120,17,9,2,null,null,null,2,null,null
South Putman High School,100,69,87,80,363,1780 US-40,Greencastle,In,46135,17,9,2,TRUE,null,null,null,null,null
Union City Community Higsh Sch,79,83,64,57,283,603 N Walnut St,Union City,IN,47390,17,9,2,null,null,null,null,null,null
Bethesda Christian School,26,23,35,22,106,7950 N County Rd 650 E,Brownsburg,IN,46112,17,9,2,null,null,null,null,null,null
Ben Davis High School,1225,1094,1035,1008,4362,1200 N Girls School Rd,Indianapolic,IN,46214,18,9,2,TRUE,TRUE,null,null,null,null
Pike High School,860,853,824,769,3306,5401 W 71st St,Indianpolis,IN,46268,18,9,2,null,null,null,null,null,null
Zionsville Community High School,478,495,503,452,1928,900 Mulberry St,Zionsville,IN,46077-0000,18,9,2,null,null,null,null,null,null
Indpls. Crispus Attucks Medical Magnet,284,190,140,131,745,1140 Doctor M.L.K. Jr St,Indianpolis,IN,46202,18,9,2,null,null,null,null,null,null
Indpls. Emmerich Manual High School,194,186,174,142,696,2405 Madison Ave.,Indianpolis,IN,46225,18,9,2,null,null,null,null,null,null
Indpls. Northwest High School,268,160,146,122,696,5525 W 34th St,Indianapolis,IN,46224,18,9,2,null,null,null,null,null,null
Indpls. Cardinal Ritter HS,163,151,131,118,563,3360 W 30th St.,Indianapolis,IN,46222,18,9,2,null,null,null,null,null,null
Speedway Senior High School,143,153,115,112,523,5357 W 25th St,Speedway,IN,46224,18,9,2,null,null,null,null,null,null
Indpls. George Washington Community,169,153,71,64,457,2215 W Washington St,Indianapolis,IN,46222,18,9,2,null,null,null,null,null,null
Indpls. Shortridge Law & Public Policy,111,102,78,70,361,3401 N Meridian St,Indianapolis,IN,46208,18,9,2,null,null,null,null,null,null
Covenant Christian (Indpls.) HS,74,96,95,69,334,7525 W 21st,Indianapolis,IN,46214,18,9,2,null,null,null,null,null,null
University High School of Indiana,62,69,97,61,289,2825 W 116th St,Carmel,IN,46032,18,9,2,null,null,null,null,null,null
Indiana Math & Science Academy,71,49,42,23,185,7435 N Keystone Ave,Indianapolis,IN,46240,18,9,2,null,null,null,null,null,null
Carmel High School,1282,1299,1174,1245,5000,520 E Main St,Carmel,IN,46032,19,10,2,null,null,null,null,null,null
Fishers High School,583,815,848,736,3250,13000 Promise Rd,Fishers,In,46038,19,10,2,null,null,null,null,null,null
Hamilton Southeastern HS,836,778,787,717,3118,13910 E 126th,Fishers,IN,46037,19,10,2,null,null,null,null,null,null
Noblesville High School,785,752,716,629,2882,18025 River Ave,Noblesville,IN,46062-1797,19,10,2,TRUE,TRUE,null,null,null,null
Westfield High School,577,538,560,471,2146,1143 East 181st Street,Westfield,IN,46074-8926,19,10,2,null,null,null,null,null,null
Lebanon Senior High School,233,272,244,227,976,1810 N Grant St,Lebanon,IN,46052-2241,19,10,2,null,null,null,null,null,null
Guerin Catholic HS,190,182,185,201,758,15300 Gray Rd,Noblesville,IN,46062,19,10,2,null,null,null,null,null,null
Hamilton Heights High School,199,190,186,153,728,25802 State Rte 19,Arcadia,IN,46030-0469,19,10,2,null,null,null,null,null,null
Tipton High School,121,142,130,131,524,619 S Main St,Tipton,IN,46072,19,10,2,null,null,null,null,null,null
Sheridan High School,86,91,82,70,329,24185 Hinesley Rd,Sheridan,IN,46069,19,10,2,null,null,null,null,null,null
Tindley Accelerated Sch,65,87,65,56,273,3960 Meadows Dr,Indianapolis,In,46205,19,10,2,null,null,null,null,null,null
North Central (Indpls.) High School,946,1000,948,878,3772,1801 E 86th,Indianapolis,IN,46240,20,10,2,null,null,null,null,null,null
Lawrence North High School,640,666,572,591,2469,595 Stars Blvd,Bedford,IN,47421-0729,20,10,2,null,null,null,null,null,null
Lawrence Central High School,603,623,586,528,2340,7300 E 56th St,Indianapolis,IN,47421-0729,20,10,2,null,null,null,15,1,null
Indpls. Arsenal Technical High School,635,555,445,305,1940,1500 E Michigaqn St,Indianapolis,IN,46202,20,10,2,null,null,null,null,null,null
Indpls. Cathedral HS,279,299,321,285,1184,5225 E 56th St,Indianapolis,IN,46226,20,10,2,null,null,null,null,null,null
Herron High School,232,226,203,166,827,110 E 16th St,Indianapolis,IN,46202-0000,20,10,2,null,null,null,null,null,null
Brebeuf Jesuit Preparatory School,193,204,220,177,794,2801 W 86th St,Indianapolis,IN,46268,20,10,2,TRUE,null,null,null,null,null
Indpls. Bishop Chatard HS,202,177,169,152,700,5885 Crittenden Ave,Indianpolis,IN,46220,20,10,2,null,null,null,null,null,null
Indpls. Broad Ripple HS for Prfm Arts,173,171,158,152,654,1115 Broad Ripple Ave,Indianapolis,IN,46220,20,10,2,null,null,null,null,null,null
Heritage Christian,87,124,92,104,407,6401 E 75th St,Indianapolis,IN,46250,20,10,2,null,null,null,null,null,null
Park Tudor School (9-12),98,97,117,91,403,7200 N College Ave,Indianapolis,IN,46240,20,10,2,null,null,null,null,null,null
Indpls. Arlington Community HS,172,101,60,38,371,4825 N Arlington Ave,Indianapolis,IN,46226,20,10,2,null,null,null,null,null,null
Irvington Preparatory Academy,84,102,79,77,342,5751 E University Ave,Indianapolis,IN,46219,20,10,2,null,null,null,null,null,null
Indiana School For The Deaf,32,28,22,33,115,1200 E 42nd St,Indianapolis,IN,46205,20,10,2,null,null,null,null,null,null
Warren Central High School,981,993,911,851,3736,9500 E 16th St,Indianapolis,IN,46229,21,11,2,null,null,null,null,null,null
Franklin Central High School,716,716,639,588,2659,225 E 10th St,Brookville,IN,47012-0000,21,11,2,null,null,null,null,null,null
Greenfield=Central High School,364,417,390,339,1510,110 W North St,Greenfield,IN,46140-2172,21,11,2,null,null,null,null,null,null
Roncalli High School,298,336,299,251,1184,3300 Pragueg Rd,Indianapolis,IN,46227,21,11,2,null,null,null,null,null,null
New Palestine High Schoool,286,307,277,249,1119,4485 S Victory Dr,New Palestin,IN,46163,21,11,2,TRUE,null,null,null,null,null
Beech Grove Sr High School,250,244,246,209,249,5334 Hornet Ave,Beech Grove,IN,46107-2306,21,11,2,null,null,null,null,null,null
Triton Central High School,116,119,136,97,468,4774 W 600 N,Fairland,IN,46126,21,11,2,null,null,null,null,null,null
Indpls. Scecina Memorial School,113,120,116,100,449,5000 Nowland Ave,Indianapolis,IN,46201,21,11,2,null,null,null,null,null,null
Eastern Hancock High Sch,115,90,114,106,425,10320 250N,Charlottesville,IN,46117,21,11,2,null,null,null,null,null,null
Indpls. Lutheran High School,75,62,55,59,251,5555 S Arlington Ave,Indianapolis,IN,46237,21,11,2,null,null,null,null,null,null
Richmond High School,333,371,324,303,1331,380 Hub Etchison Pkwy,Richmond,IN,47374,22,11,2,null,null,null,null,null,null
Connersville Sr High School,290,313,243,265,1111,1100 Spartan Dr,Connersville,IN,47331,22,11,2,TRUE,null,null,null,null,null
New Castle Chrysler High School,266,255,239,263,1023,322 Elliott Ave,New Castle,IN,47362-4878,22,11,2,null,null,null,null,null,null
Franklin County High,201,213,216,206,836,225 E 10th St,Brookville,IN,47012-0000,22,11,2,TRUE,null,null,null,null,null
Rushville Consolidated High School,215,201,159,167,742,1201 Lions Path,Rushville,IN,46173,22,11,2,null,TRUE,null,null,null,null
Centerville Sr High School,112,124,128,99,463,507 Willow Gorve Rd,Centerville,IN,47330,22,11,2,null,null,null,null,null,null
Union County High School,106,109,121,108,444,410 Patriot Blvd,Liberty,IN,47353,22,11,2,null,null,null,null,null,null
Northeastern High School,96,105,108,110,419,7295 US-27,Fountain City,IN,47341,22,11,2,null,null,null,null,null,null
Knightstown High School,95,105,100,81,381,8139 US-40,Knightstown,IN,46148,22,11,2,null,null,null,null,null,null
Hagerstown Jr-Sr High School,100,83,73,85,341,701 Baker Rd,Hagerstown,IN,47346,22,11,2,null,null,null,null,null,null
Cambridge City Lincoln Sr High Sch,80,84,83,84,331,205 E Parkway Dr,Cambridge City,IN,47327,22,11,2,null,null,null,null,null,null
Tri Central Middle-High School,89,80,64,40,273,2115 W 500 N,Sharpsville,IN,46068,22,11,2,null,null,null,null,null,null
Seton Catholic High School,19,22,30,21,92,233 S 5th St,Richmond,IN,47374,22,11,2,null,null,null,null,null,null
East Central High School,331,319,328,324,1302,1601 Indiana Ave,Connersville,IN,47331-2815,23,12,2,null,null,null,null,null,null
South Dearborn High School,213,240,204,211,868,6109 Squire Pl,Aurora,IN,47001-1499,23,12,2,TRUE,null,null,null,null,null
Greensburg Community High School,192,196,174,188,750,1312 W Westridge Pky,Greensburg,IN,47240-0000,23,12,2,null,null,null,null,null,null
Batesville High School,177,207,182,167,733,1 Bulldog Blvd W,Batesville,IN,47006-0121,23,12,2,null,null,null,null,null,null
South Ripley High School,98,95,91,70,354,1589 S Benham Rd,Versailles,IN,47042,23,12,2,null,null,null,null,null,null
North Decatur Jr-Sr High Sch,92,83,89,65,329,3172 IN-3,Greensburg,IN,47240,23,12,2,null,null,null,null,null,null
Jac-Cen-Del Jr-Sr High School,72,64,62,65,263,4544 US-421,Osgood,IN,47037,23,12,2,null,null,null,null,null,null
Rising Sun High School,66,59,57,51,233,210 S Henrietta St,Rising Sun,IN,47040,23,12,2,null,null,null,null,null,null
Oldenburg Academy,54,56,41,59,210,1 Twister Cir,Oldenburg,IN,47036,23,12,2,null,null,null,null,null,null
Center Grove High School,662,606,622,610,2500,4800 W Stones Crossing Rd,Greenwood,IN,46143-9100,24,12,2,null,null,null,null,null,null
perry Meridian High School,607,641,219,584,2351,18677 Old SR 37,Leopold,IN,47551-1099,24,12,2,null,null,null,null,null,null
Southport High School,576,583,522,504,2185,971 E Banta Rd,Indianapolis,IN,46227,24,12,2,null,null,null,null,null,null
Whiteland Community High Sch,476,480,459,430,1845,300 E Main St,Whiteland,IN,46184,24,12,2,null,null,null,null,null,null
Franklin Community High School,379,399,364,391,1533,225 E 10th St,Brookville,IN,47012-0000,24,12,2,TRUE,null,null,null,null,null
Mooresville High School,382,335,357,328,1402,11 W Carlisle St,Mooresville,IN,46158-1509,24,12,2,null,null,null,null,null,null
Greenwood Community High School,294,299,334,273,1200,605 W Smith Valley Rd,Greenwood,IN,46142-0218,24,12,2,null,null,null,null,null,null
Shelbyville Sr High School,307,303,274,272,1156,803 St Joseph St,Shelbyville,IN,46176-1295,24,12,2,null,TRUE,TRUE,null,null,null
Monrovia High School,144,133,123,127,527,205 S Chestnut St,Monrovia,IN,46157,24,12,2,null,null,null,9,null,null
Greenwood Christian Academy,39,43,49,49,180,835 West Worthsville Road,Greenwood,In,46143,24,12,2,null,null,null,null,null,null
Waldron Jr-Sr High School,43,41,37,42,163,East St,Waldron,IN,46182,24,12,2,null,null,null,null,null,null
Eminence JR-Sr High School,33,34,25,24,116,6760 IN-42,Eminence,In,46125,24,12,2,null,null,null,13,null,null
Columbus North High School,515,548,497,457,2017,1400 25th St,Columbus,In,47201,25,13,1,null,null,null,null,null,null
Columbus East High School,368,415,394,357,1534,230 S Marr Rd,Columbus,IN,47201,25,13,1,null,null,null,null,null,null
Martinsville High School,377,398,382,352,1509,1360 E Gray St,Martinsville,IN,46151-1416,25,13,1,null,null,null,null,null,null
Seymour Senior High School,430,419,341,308,1498,1638 S Walnut St,Seymour,IN,47274-0366,25,13,1,null,null,null,null,null,null
Brown County High School,150,168,174,166,659,235 School House Ln,Nashville,IN,47448,25,13,1,TRUE,TRUE,TRUE,null,null,null
Indian Creek Sr High Sch,210,163,132,330,635,803 Indian Meadows Dr,Trafalgar,IN,46181,25,13,1,null,null,null,null,null,null
Brownstown Central High Sch,162,146,138,155,580,500 N Elm St.,Brownstown,IN,47220,25,13,1,null,null,null,null,null,null
Edinburgh Community High Sch,53,69,66,83,271,300 Keeley St,Edinburgh,IN,46124,25,13,1,null,null,null,null,null,null
Hauser Jr-Sr High School,60,69,88,51,268,9273 IN-9,Hope,IN,47246,25,13,1,null,null,null,null,null,null
White River Valley Jr/Sr High Sch,78,75,68,47,268,5644 IN-54,Switz City,IN,47465,25,13,1,null,null,null,null,null,null
Southwestern (Shelby) High School,56,64,49,58,227,3406 W 600 S,Shelbyville,IN,46176,25,13,1,null,null,null,null,null,null
Trinity Lutheran HS,30,31,37,44,142,7120 N County Rd 875 E,Seymour,IN,47274,25,13,1,null,null,null,null,null,null
Crothersville Jr-Sr High School,32,30,30,28,120,109 Preston St,Crothersville,IN,47229,25,13,1,null,null,null,null,null,null
Terre Haute North Vigo High School,587,473,420,374,1854,3434 Maple Ave,Terre Haute,IN,47804,26,13,1,TRUE,null,null,null,null,null
Northview High School,278,263,236,247,1024,7350 3150 IN-340,Brazil,IN,47834,26,13,1,null,null,null,null,null,null
Owen Valley Community HS,196,219,195,203,813,205 E Hillside,Spencer,IN,47460-1099,26,13,1,null,null,null,null,null,null
Sullivan High School,150,149,154,160,565,902 N Section St,Sullivan,IN,47882,26,13,1,null,null,null,null,null,null
West Vigo High School,178,149,130,133,577,4590 W Sarah Myers Dr,West Terre Haute,IN,47885,26,13,1,null,null,null,null,null,null
South Vermillion High School,140,139,144,123,546,770 Wildcat Dr,Clinton,IN,47842,26,13,1,null,null,null,null,null,null
Linton-Stockton High School,93,94,101,78,366,801 NW 1st St,Linton,IN,47441,26,13,1,null,null,null,null,null,null
Riverton Parks Jr-Sr High School,77,78,72,77,304,4907 Coxville Rd,Montezuma,IN,47862,26,13,1,null,null,null,null,null,null
North Central (Farmesburg) HS,65,71,80,69,285,910 E Co Rd 975 N,Farmesburg,IN,47850,26,13,1,null,null,null,null,null,null
Clay City Jr-Sr High School,64,60,64,61,249,1255 601 Lanklord St,Clay City,IN,47841,26,13,1,null,null,null,null,null,null
Shakamak Jr-Sr High Sch,65,60,54,61,240,9233 Shakamak School Rd,Jasonville,IN,47438,26,13,1,null,null,null,null,null,null
Rockville Jr-Sr High School,50,66,59,49,224,506 N Beadle St,Rockville,IN,47872,26,13,1,null,null,null,null,null,null
Bloomington High School South,474,437,408,423,1742,349 S Walnut St,Bloomington,IN,47401-0000,27,14,1,null,null,null,null,null,null
Bloomington High School North,447,466,424,372,1709,3901 N Kinser Pike,Bloomington,IN,47404,27,14,1,null,null,null,null,null,null
Bedford-North Lawrence High School,413,378,425,326,1542,595 Stars Blvd,Bedford,IN,47421,27,14,1,TRUE,TRUE,null,null,null,null
Edgewood High School,200,207,205,199,811,601 Edgewood Dr,Ellettsville,IN,47429,27,14,1,null,null,null,null,null,null
Salem High School,148,143,139,143,573,700 N Harrison St,Salem,IN,47167,27,14,1,null,null,null,null,null,null
Mitchell High School,132,140,110,109,491,1080 1000 W Bishop Blvd,Mitchell,IN,47446,27,14,1,null,null,null,null,null,null
Eastern (Pekin) High Sch,120,138,118,97,473,1100 N Eastern School Rd,New Pekin,IN,47165,27,14,1,null,null,null,null,null,null
Paoli Jr & Sr High Sch,132,132,114,90,468,501 S Elm St,Paoli,IN,47454,27,14,1,null,null,null,null,null,null
Eastern Greene High School,93,99,96,89,377,11064 Indiana 54,Bloomfield,In,47424,27,14,1,null,null,null,null,null,null
West Washington Jr-Sr HS,69,65,54,69,257,8028 W Batts Rd,Campbellsburg,IN,47108,27,14,1,null,null,null,null,null,null
Bloomfield Jr-Sr High School,61,55,45,67,228,501 W Spring St,Bloomfield,IN,47424,27,14,1,null,null,null,null,null,null
Orleans Jr-Sr High Sch,49,62,57,58,226,200 W Wilson St,Orleans,IN,47452,27,14,1,null,null,null,null,null,null
Medora Jr & Sr High School,16,16,21,20,73,82 S George St,Medora,IN,47260,27,14,1,null,null,null,null,null,null
Jennings County High School,359,345,314,314,1332,34 Main St,North Vernon,IN,47265-1706,28,14,1,null,null,null,null,null,null
Madison Consolidated High School,211,258,261,236,966,743 Cliffy Dr,Madison,IN,47250,28,14,1,null,null,null,null,null,null
Silver Creek High School,227,239,219,224,909,557 Renz Avenue,Sellersburg,IN,47172,28,14,1,null,null,null,null,null,null
Scottsburg Senior High School,201,189,213,191,794,500 S Gardner St,Scottsburg,IN,47170,28,14,1,null,null,null,null,null,null
Charlestown Senior High School,174,184,182,167,707,1 Pirate Place,Charlestown,IN,467111,28,14,1,null,null,null,null,null,null
Switzerland Co Senior High Sch,98,100,100,106,404,1020 W Main St,Vevay,IN,47043,28,14,1,null,null,null,null,null,null
Austin High School,94,108,95,97,394,401 US-31,Austin,IN,47102,28,14,1,null,null,null,null,null,null
Southwestern (hanover) Middle/Sr HS,88,96,92,83,359,167 S Main Cross St,Hanover,IN,47243,28,14,1,TRUE,null,null,null,null,null
Henryvile Jr & Sr High Sch,87,89,90,83,349,213 N Ferguson St,Henryville,IN,47126,28,14,1,null,null,null,null,null,null
New Washington Middle/High School,56,64,42,63,225,226 IN-62,New Washington,IN,47162,28,14,1,null,null,null,null,null,null
Rock Creek Community Academy,32,36,29,40,137,11525 US-31,Sellersburg,IN,47172,28,14,1,null,null,null,null,null,null
Shawe Memorial HS,25,25,34,25,109,201 W State St,Madison,IN,47250,28,14,1,null,null,null,null,null,null
Jeffersonville High School,515,554,541,456,2066,2315 Allison Ln,Jeffersonville,IN,47130,29,15,1,null,null,null,null,null,null
New Albany Senior High School,453,480,453,457,1843,2813 Grant Line PO Box 1087,New Albany,IN,47150-1087,29,15,1,null,null,null,null,null,null
Floyd Central High School,444,450,421,431,1746,6575 Old Vincennes Rd,Floyds Knobs,IN,47119,29,15,1,null,null,null,null,null,null
Corydon Central High School,194,170,184,168,716,375 County Club Rd SE,Corydon,IN,47112,29,15,1,null,null,null,null,null,null
North Harrison High School,135,198,199,157,689,1070 IN-64,Ramsey,IN,47166,29,15,1,null,null,null,null,null,null
clarksville Senior High Sch,140,112,122,90,464,200 E Ettels Ln,Clarksville,IN,47129-1898,29,15,1,null,null,null,null,null,null
Crawford County Jr-Sr HS,122,109,117,109,457,1130 S Sr 66,Marengo,IN,47140,29,15,1,TRUE,TRUE,null,null,null,null
Providence HS,92,109,114,122,437,707 Providence Way,Clarksville,In,47129,29,15,1,null,null,null,null,null,null
Lanesville Jr-Sr HS,65,61,59,68,253,2725 Crestview Ave NE,Lanesville,IN,47136,29,15,1,null,null,null,null,null,null
Christian Academy of Indiana,64,71,58,48,241,1000 Academy Dr,New Albany,IN,47150,29,15,1,null,null,null,null,null,null
Borden High School,62,56,54,58,230,301 West St,Borden,IN,47106,29,15,1,null,null,null,null,null,null
South Central (Elizabeth) Jr & Sr HS,68,48,52,44,212,6675 IN-11,Elizabeth,In,47117,29,15,1,null,null,null,null,null,null
Jasper High School,266,287,272,268,1093,1520 St Charles St Suite 1,Jasper,IN,47546-8228,30,15,1,TRUE,null,null,null,null,null
Heritage Hills High School,145,167,150,158,620,3644 E County Rd 1600 N,Lincoln City,IN,47552,30,15,1,null,null,null,null,null,null
Tell City Jr-Sr High School,88,129,99,105,421,900 12th St,Tell City,IN,47586,30,15,1,null,null,null,null,null,null
South Spencer High School,103,115,89,100,407,1142 N County Rd 275 W,Rockport,IN,47635,30,15,1,null,null,null,null,null,null
Forest Park Jr-Sr High School,102,85,104,106,397,1440 Michigan St,Ferdinand,IN,47532,30,15,1,null,null,null,null,null,null
Perry Central Jr-Sr High Sch,83,110,81,105,379,18677 Old State Rd 37,Leopold,IN,47551,30,15,1,null,null,null,null,null,null
Loogootee Jr/Sr High School,73,65,66,75,279,201 Brooks Ave,Loogootee,IN,47553,30,15,1,null,null,null,null,null,null
Northeast Dubois High School,69,72,74,53,268,4711 N Dubois Rd NE,Dubois,IN,47527,30,15,1,null,null,null,null,null,null
Springs Valley Comm High School,69,74,72,51,266,498 Larry Bird Blvd,French Lick,IN,47432,30,15,1,null,null,null,null,null,null
Shoals Comm Jr-Sr High Sch,45,46,41,45,177,7900 US-50,Shoals,In,47581,30,15,1,null,null,null,null,null,null
Cannelton Elem & High School,24,27,7,15,73,109 S 3rd St,Cannelton,IN,47520,30,15,1,null,null,null,null,null,null
Vincennes Lincoln High School,176,183,200,157,716,1712 S Quail Run Road,Vincennes,IN,47591-6870,31,16,1,null,null,null,null,null,null
Gibson Southern High School,176,154,173,154,657,3499 W 800 S,Fort Branch,IN,47648,31,16,1,null,null,null,null,null,null
Princeton Comm High School,171,151,150,151,619,1101 N Main St.,Princeton,IN,47670,31,16,1,null,null,null,null,null,null
Pike Central High School,156,139,150,141,590,1810 IN-56,Petersburg,IN,47567,31,16,1,null,TRUE,null,null,null,null
North Knox High School,100,116,97,85,397,10890 State Hwy 159,Bicknell,IN,47512,31,16,1,null,null,null,null,null,null
South Knox Middle-High School,101,94,83,88,366,6116 IN-61,Vincennes,In,47591,31,16,1,TRUE,null,null,null,null,null
Tecumseh Jr-Sr High Sch,76,86,88,59,309,5244 IN-68,Lynn,IN,47619,31,16,1,null,null,null,null,null,null
North Daviess Jr-Sr High School,87,80,72,67,306,5494 E State Rd 58,Elnora,IN,47529,31,16,1,null,null,null,null,null,null
Barr Reeve Jr-Sr High School,54,47,47,55,203,293 3rd St,Montgomery,In,47558,31,16,1,null,null,null,null,null,null
Vincennes Rivet Middle & HS,28,23,23,24,98,210 Barnett St,Vincennes,In,47591,31,16,1,null,null,null,null,null,null
Washington Catholic Mid/HS,16,16,18,21,71,201 NE 2nd St,Wahington,IN,47501,31,16,1,null,null,null,null,null,null
Castle High School,479,532,475,448,1934,3344 IN-261,Newburgh,IN,47630,32,16,1,null,null,null,null,null,null
Evans. North High School,449,450,386,329,1614,15331 Highway 41 N.,Evansville,IN,47725,32,16,1,null,null,null,null,null,null
Evans. F.J. Reitz High School,351,376,322,306,1355,951 Walnut St,Evansville,IN,47713-1821,32,16,1,null,null,null,null,null,null
Evans. Harrison High School,352,354,281,256,1243,211 Fielding Rd,Evansville,IN,47715,32,16,1,null,null,null,null,null,null
Evans. Central High School,298,317,277,293,1185,5400 N 1st Ave,Evansville,IN,47710,32,16,1,null,null,null,null,3,null
Boonville High School,246,234,211,212,903,300 N 1st St,Boonville,IN,46701,32,16,1,null,null,null,null,null,null
Evans. Bosse High School,212,197,236,157,802,1300 Washington Ave,Evansville,IN,47714,32,16,1,null,null,null,null,null,null
Evans. Reitz Memorial HS,184,159,185,162,690,1500 Lincoln Ave.,Evansville,IN,47714,32,16,1,null,null,null,null,null,null
Mt. Vernon High School,165,176,182,136,659,8112 N 200 W,Fortvile,IN,46040,32,16,1,null,null,null,null,null,null
Evans. Mater Dei HS,112,153,144,120,529,1300 Harmony Way,Evansville,IN,47720,32,16,1,TRUE,null,null,null,null,null
North Posey Sr High Sch,130,113,118,137,498,5900 High School Rd,Poseyville,IN,47633,32,16,1,null,null,null,null,null,null
Signature School Inc,109,92,74,86,361,610 Main St,Evansville,IN,47708,32,16,1,null,null,null,null,null,null
Terra Haute South Vigo High School,520,458,418,382,1778,3737 S 7th St,Terre Haute,IN,47802,null,null,null,null,null,null,null,null,null
Washington High School,187,203,171,181,742,301 E South St,Washington,IN,47501-3294,null,null,null,null,null,null,null,null,null
Lawrenceburg High School,152,166,171,130,619,100 Tiger Blvd.,Lawrenceburg,IN,47025,null,null,null,null,null,null,null,null,null
Heritage Jr/Sr High School,143,157,142,132,605,13608 Monroeville Rd.,Monroeville,IN,46773,null,null,null,null,null,null,null,null,null
Lakeland High School,142,159,143,131,577,805 E 075 N,LaGrange,IN,46761,null,null,null,null,null,null,null,null,null
Wheeler High School,128,163,131,131,553,587 W 300 N,Valparaiso,IN,46385,null,null,null,null,null,null,null,null,null
Southridge High School,125,157,128,121,531,1110 S Main St,Huntingburg,IN,47542,null,null,null,null,null,null,null,null,null
Milan High School,103,113,100,95,411,609 N Warpath Dr,Milan,IN,47031,null,null,null,null,null,null,null,null,null
Indpls. Howe Comm High School,95,99,89,74,357,4900 Julian Ave,Indianapolis,IN,46201,null,null,null,null,null,null,null,null,null
South Decature Jr-Sr High Sch,82,86,75,70,313,8885 Indiana 3,Greensburg,IN,47240,null,null,null,null,null,null,null,null,null
Indpls. Lighthouse Charter School,77,77,63,61,278,4002 N Franklin Rd,Indianapolis,IN,46226,null,null,null,null,null,null,null,null,null
Wood Memorial High,69,69,66,73,277,941 S Franklin St,Oakland City,IN,47660,null,null,null,null,null,null,null,null,null
Indpls. Metropolitan High Sch,38,68,84,68,258,1635 W Michigan St,Indianapolis,IN,46222,null,null,null,null,null,null,null,null,null
Providence Cristo Rey HS,84,73,51,47,255,75 N Beleview Pl,Indianapolis,IN,46222,null,null,null,null,null,null,null,null,null
Christel House Academy,74,53,59,46,232,2717 S East St,Indianapolis,IN,46225,null,null,null,null,null,null,null,null,null
Morristown Jr-Sr High School,49,52,49,44,194,500 earick St,Argos,IN,45501,null,null,null,null,null,null,null,null,null
International Sch of Indiana HS,35,53,43,34,165,4330 N Michigan Rd,Indianapolis,IN,46208,null,null,null,null,null,null,null,null,null
Turkey Run High School,41,36,41,41,159,1497 IN-47,Marshall,IN,47859,null,null,null,null,null,null,null,null,null
Hamilton Community High Sch,29,35,24,33,1214,903 S Wayne St,Hamilton,IN,46742,null,null,null,null,null,null,null,null,null
Covenant Christian (DeMotte) HS,26,24,24,25,99,611 15th St SW,De Motte,In,46310,null,null,null,null,null,null,null,null,null
Traders Point Christian Academy,33,16,27,20,96,5608 Whitestown Pkwy,Whitestown,In,46075,null,null,null,null,null,null,null,null,null
Evans. Day School,19,16,21,25,81,3400 N Green River Rd,Evansville,In,47715,null,null,null,null,null,null,null,null,null
Central Christian Academy,7,16,27,18,58,2565 Villa Ave,Indianapolis,IN,46203,null,null,null,null,null,null,null,null,null
Indiana School For The Blind,19,9,15,14,57,7725 N college Ave,Indianapolis,In,46240,null,null,null,null,null,null,null,null,null
Smith Academy for Excellence,10,7,7,9,33,725 W Washington Blvd,Fort Wayne,IN,46802,null,null,null,null,null,null,null,null,null